{
    "manifest_version": 2,
    "name": "Chanters Player",
    "version": "1",
    "icons": {
        "128": "icon_128.png"
    },
    "permissions": [],
    "app": {
        "background": {
            "scripts": ["scripts/chanters.js", "scripts/background.js"]
        }
    },
    "minimum_chrome_version": "28"
        // "browser_action": {
        //     "default_icon": "icon.png",
        //     "default_popup": "public/popup.html"
        // }
}


working copy for chrome app {
    "manifest_version": 2,
    "name": "Chanters Player",
    "version": "1",
    "icons": {
        "128": "icon_128.png"
    },
    "permissions": ["alarms"],
    "app": {
        "background": {
            "scripts": ["scripts/chanters.js", "scripts/background.js"]
        }
    },
    "minimum_chrome_version": "28"
}



working copy of chrome extension {
    "manifest_version": 2,
    "name": "Chanters Player",
    "version": "1",
    "icons": {
        "128": "icon_128.png"
    },
    "permissions": ["alarms"],
    "minimum_chrome_version": "28",
    "browser_action": {
        "default_icon": "icon.png",
        "default_popup": "public/popup.html"
    },
    "chrome_url_overrides": {
        "newtab": "index.html"
    }
}


{
    "manifest_version": 2,
    "name": "Chanters Player",
    "version": "1",
    "icons": {
        "128": "icon_128.png"
    },
    "permissions": [
        "http://*/*",
        "https://*/*",
        "https://www.google.com/*",
        "http://www.google.com/*"
    ],
    "minimum_chrome_version": "28",
    "browser_action": {
        "default_icon": "icon.png",
        "default_popup": "views/popup.html"
    },
    "chrome_url_overrides": {
        "newtab": "index.html"
    }
}
